<?xml version="1.0" encoding="UTF-8"?>
<!--
Created with Funkin Packer v0.1.3 https://neeeoo.github.io/funkin-packer/
-->
<TextureAtlas imagePath="linus.png" width="8192" height="512">
	<SubTexture name="LinusSprites/Down1" x="2816" y="4" width="358" height="315" frameX="-0" frameY="-0" frameWidth="358" frameHeight="315"/>
	<SubTexture name="LinusSprites/Down2" x="3627" y="4" width="329" height="338" frameX="-0" frameY="-0" frameWidth="329" frameHeight="338"/>
	<SubTexture name="LinusSprites/Idle1" x="3966" y="4" width="303" height="417" frameX="-0" frameY="-0" frameWidth="303" frameHeight="417"/>
	<SubTexture name="LinusSprites/Idle2" x="4279" y="4" width="304" height="418" frameX="-0" frameY="-0" frameWidth="304" frameHeight="418"/>
	<SubTexture name="LinusSprites/Idle3" x="4593" y="4" width="305" height="422" frameX="-0" frameY="-0" frameWidth="305" frameHeight="422"/>
	<SubTexture name="LinusSprites/Idle4" x="4908" y="4" width="305" height="424" frameX="-0" frameY="-0" frameWidth="305" frameHeight="424"/>
	<SubTexture name="LinusSprites/Idle5" x="5223" y="4" width="305" height="424" frameX="-0" frameY="-0" frameWidth="305" frameHeight="424"/>
	<SubTexture name="LinusSprites/Left1" x="5538" y="4" width="314" height="424" frameX="-0" frameY="-0" frameWidth="314" frameHeight="424"/>
	<SubTexture name="LinusSprites/Left2" x="5862" y="4" width="308" height="424" frameX="-0" frameY="-0" frameWidth="308" frameHeight="424"/>
	<SubTexture name="LinusSprites/Right1" x="6180" y="4" width="335" height="424" frameX="-0" frameY="-0" frameWidth="335" frameHeight="424"/>
	<SubTexture name="LinusSprites/Right2" x="3184" y="4" width="433" height="332" frameX="-0" frameY="-0" frameWidth="433" frameHeight="332"/>
	<SubTexture name="LinusSprites/Right3" x="4" y="4" width="466" height="278" frameX="-0" frameY="-0" frameWidth="466" frameHeight="278"/>
	<SubTexture name="LinusSprites/Right4" x="480" y="4" width="461" height="282" frameX="-0" frameY="-0" frameWidth="461" frameHeight="282"/>
	<SubTexture name="LinusSprites/Right5" x="1419" y="4" width="457" height="285" frameX="-0" frameY="-0" frameWidth="457" frameHeight="285"/>
	<SubTexture name="LinusSprites/Right6" x="2353" y="4" width="453" height="289" frameX="-0" frameY="-0" frameWidth="453" frameHeight="289"/>
	<SubTexture name="LinusSprites/Right7" x="1886" y="4" width="457" height="286" frameX="-0" frameY="-0" frameWidth="457" frameHeight="286"/>
	<SubTexture name="LinusSprites/Right8" x="951" y="4" width="458" height="284" frameX="-0" frameY="-0" frameWidth="458" frameHeight="284"/>
	<SubTexture name="LinusSprites/Up1" x="6840" y="4" width="294" height="465" frameX="-0" frameY="-0" frameWidth="294" frameHeight="465"/>
	<SubTexture name="LinusSprites/Up2" x="6525" y="4" width="305" height="451" frameX="-0" frameY="-0" frameWidth="305" frameHeight="451"/>
</TextureAtlas>